Tên cây,Loại bệnh,Nguyên nhân,Triệu chứng,Cách điều trị
Cây táo,"Bệnh vảy táo, ghẻ táo","Do nấm Venturia inaequalis gây ra, thường phát sinh vào đầu mùa hoặc giữa mùa xuân.","Xuất hiện những vết bệnh trên lá. Ban đầu, vết bệnh có màu xanh đậm hơn màu của lá, về sau chuyển sang màu dầu oliu. Khi nặng hơn thì sẽ có màu đen, khiến lá bị rụng nhiều khi thời tiết chuyển sang mùa hè, nắng nóng. Trên quả sẽ xuất hiện những vết sần sùi, mất vệ sinh và mất thẩm mỹ.","Chọn mua cây giống ở vườn ươm uy tín, đảm bảo cây có sức đề kháng tốt.
Trồng trên luống cao thay vì trồng trực tiếp dưới mặt đất bằng phẳng.
Khoảng cách giữa các cây trồng hợp lý, không quá gần nhau.
Cải thiện hệ thống thoát nước của đất trồng, đảm bảo nước không bị đọng gây ngập úng, thối rễ và tạo điều kiện để vi khuẩn, nấm sinh sôi.
Thường xuyên dọn cỏ, dọn lá rụng trong vườn, nhất là vào thời điểm mùa thu và mùa đông.
Loại bỏ ngay những cành, lá hay bất kỳ bộ phận nào bị nhiễm bệnh để tránh sự lây lan (cực kỳ quan trọng trong thời kỳ táo ra quả và quả chuẩn bị chín).
Chủ động phun thuốc phòng ngừa sâu bệnh, đặc biệt là thuốc diệt nấm.
Nâng cao hiệu quả phòng trừ bằng máy bay phun thuốc không người lái: tối ưu hóa sức lao động, tiết kiệm thời gian và chi phí, phun xịt đồng đều các hạt thuốc kích thước siêu nhỏ, thẩm thấu nhanh và đều, tiết kiệm nước và thuốc trừ sâu."
Cây táo,Bệnh phấn trắng,"Do nấm gây ra, bùng phát trong điều kiện độ ẩm cao (trên 85%) và nhiệt độ thấp (dưới 20 độ C).","Xuất hiện bột màu trắng phủ lên trên lá, đặc biệt là lá non.","Chọn mua cây giống ở vườn ươm uy tín, đảm bảo cây có sức đề kháng tốt.
Trồng trên luống cao thay vì trồng trực tiếp dưới mặt đất bằng phẳng.
Khoảng cách giữa các cây trồng hợp lý, không quá gần nhau.
Cải thiện hệ thống thoát nước của đất trồng, đảm bảo nước không bị đọng gây ngập úng, thối rễ và tạo điều kiện để vi khuẩn, nấm sinh sôi.
Thường xuyên dọn cỏ, dọn lá rụng trong vườn, nhất là vào thời điểm mùa thu và mùa đông.
Loại bỏ ngay những cành, lá hay bất kỳ bộ phận nào bị nhiễm bệnh để tránh sự lây lan (cực kỳ quan trọng trong thời kỳ táo ra quả và quả chuẩn bị chín).
Chủ động phun thuốc phòng ngừa sâu bệnh, đặc biệt là thuốc diệt nấm.
Nâng cao hiệu quả phòng trừ bằng máy bay phun thuốc không người lái: tối ưu hóa sức lao động, tiết kiệm thời gian và chi phí, phun xịt đồng đều các hạt thuốc kích thước siêu nhỏ, thẩm thấu nhanh và đều, tiết kiệm nước và thuốc trừ sâu."
Cây táo,Bệnh gỉ sắt tuyết tùng,"Do nấm Gymnosporangium clavipes gây hại, thường xảy ra vào mùa xuân.","Trên đốm lá xuất hiện vết bệnh như vết gỉ sắt. Quả táo bị biến dạng, méo mó và có những đốm bệnh ngoài vỏ. Bệnh này có mức độ lây lan nhanh.","Chọn mua cây giống ở vườn ươm uy tín, đảm bảo cây có sức đề kháng tốt.
Trồng trên luống cao thay vì trồng trực tiếp dưới mặt đất bằng phẳng.
Khoảng cách giữa các cây trồng hợp lý, không quá gần nhau.
Cải thiện hệ thống thoát nước của đất trồng, đảm bảo nước không bị đọng gây ngập úng, thối rễ và tạo điều kiện để vi khuẩn, nấm sinh sôi.
Thường xuyên dọn cỏ, dọn lá rụng trong vườn, nhất là vào thời điểm mùa thu và mùa đông.
Loại bỏ ngay những cành, lá hay bất kỳ bộ phận nào bị nhiễm bệnh để tránh sự lây lan (cực kỳ quan trọng trong thời kỳ táo ra quả và quả chuẩn bị chín).
Chủ động phun thuốc phòng ngừa sâu bệnh, đặc biệt là thuốc diệt nấm.
Nâng cao hiệu quả phòng trừ bằng máy bay phun thuốc không người lái: tối ưu hóa sức lao động, tiết kiệm thời gian và chi phí, phun xịt đồng đều các hạt thuốc kích thước siêu nhỏ, thẩm thấu nhanh và đều, tiết kiệm nước và thuốc trừ sâu."
Cây táo,Bệnh thối rễ và thối ngọn,"Xảy ra khi đất trồng hoặc nước bị ô nhiễm, tạo điều kiện cho nấm Phytophthora xâm nhập, phát triển và gây bệnh.","Rễ và ngọn cây táo bị thối nhũn, cây trở nên yếu ớt, còi cọc và chậm lớn. Khi dùng dao cắt phần rễ hoặc ngọn bị thối thì thấy bên trong có màu cam hoặc nâu, thay vì màu xanh lá đặc trưng.","Chọn mua cây giống ở vườn ươm uy tín, đảm bảo cây có sức đề kháng tốt.
Trồng trên luống cao thay vì trồng trực tiếp dưới mặt đất bằng phẳng.
Khoảng cách giữa các cây trồng hợp lý, không quá gần nhau.
Cải thiện hệ thống thoát nước của đất trồng, đảm bảo nước không bị đọng gây ngập úng, thối rễ và tạo điều kiện để vi khuẩn, nấm sinh sôi.
Thường xuyên dọn cỏ, dọn lá rụng trong vườn, nhất là vào thời điểm mùa thu và mùa đông.
Loại bỏ ngay những cành, lá hay bất kỳ bộ phận nào bị nhiễm bệnh để tránh sự lây lan (cực kỳ quan trọng trong thời kỳ táo ra quả và quả chuẩn bị chín).
Chủ động phun thuốc phòng ngừa sâu bệnh, đặc biệt là thuốc diệt nấm.
Nâng cao hiệu quả phòng trừ bằng máy bay phun thuốc không người lái: tối ưu hóa sức lao động, tiết kiệm thời gian và chi phí, phun xịt đồng đều các hạt thuốc kích thước siêu nhỏ, thẩm thấu nhanh và đều, tiết kiệm nước và thuốc trừ sâu."
Cây táo,Bệnh thối quả,"Do vi khuẩn Erwinia gây nên, thường gặp trên những quả sắp chín và chuẩn bị thu hoạch.","Những quả táo sắp chín bị thối từ từ, ban đầu là vết thối nhỏ, quả hơi méo mó và nhăn nheo, nhưng sau 1 tuần có thể bị thối cả quả và rụng nhanh chóng.","Chọn mua cây giống ở vườn ươm uy tín, đảm bảo cây có sức đề kháng tốt.
Trồng trên luống cao thay vì trồng trực tiếp dưới mặt đất bằng phẳng.
Khoảng cách giữa các cây trồng hợp lý, không quá gần nhau.
Cải thiện hệ thống thoát nước của đất trồng, đảm bảo nước không bị đọng gây ngập úng, thối rễ và tạo điều kiện để vi khuẩn, nấm sinh sôi.
Thường xuyên dọn cỏ, dọn lá rụng trong vườn, nhất là vào thời điểm mùa thu và mùa đông.
Loại bỏ ngay những cành, lá hay bất kỳ bộ phận nào bị nhiễm bệnh để tránh sự lây lan (cực kỳ quan trọng trong thời kỳ táo ra quả và quả chuẩn bị chín).
Chủ động phun thuốc phòng ngừa sâu bệnh, đặc biệt là thuốc diệt nấm.
Nâng cao hiệu quả phòng trừ bằng máy bay phun thuốc không người lái: tối ưu hóa sức lao động, tiết kiệm thời gian và chi phí, phun xịt đồng đều các hạt thuốc kích thước siêu nhỏ, thẩm thấu nhanh và đều, tiết kiệm nước và thuốc trừ sâu."
Cây bơ,Sâu ăn lá - sâu cuốn lá,"Ấu trùng của các loài bướm như Anacamptodes sp, Epimeces detexta, Seirarctia echo.","Gây hại mạnh mẽ ở giai đoạn ấu trùng, ăn lá; sau khi trưởng thành biến thành nhộng treo trên cành lá hoặc dùng lá làm tổ (sâu cuốn lá); bướm đẻ trứng trên lá non, vỏ cây.","Sử dụng các loại thuốc trừ sâu có đặc tính thấm sâu, độc mạnh, tác dụng lâu để phun phòng trừ 1-2 tháng/lần (đặc biệt giai đoạn đầu mùa mưa). Có thể pha chung với phân bón lá. Chọn ngày mát trời, lặng gió, phun ướt đều 2 mặt lá hoặc thân cành để tiêu diệt trứng, ấu trùng. Nâng cao hiệu quả bằng máy bay phun thuốc không người lái."
Cây bơ,"Sâu đục thân, sâu đục cành",Ấu trùng của một số loài bướm hoặc bọ cánh cứng (ví dụ: xén tóc).,"Đục lỗ nhỏ trên thân cây, ăn mô sống bên trong, tạo 'đường hầm' phá hủy hệ thống mạch dẫn. Cản trở truyền chất dinh dưỡng, nước, làm cây khô héo, rụng lá rồi chết. Có thể dẫn đến gãy cành, gãy ngang thân. Vết đục thường kèm hiện tượng xì mủ và mạt gỗ đùn ra ngoài.","Thường xuyên thăm vườn để phát hiện sớm. Sử dụng móc sắt bắt sâu hoặc dùng tăm bông tẩm thuốc sâu nhét vào lỗ đục. Dọn vườn thông thoáng, phun thuốc vào gốc, thân cành để xua đuổi con trưởng thành đẻ trứng và tiêu diệt trứng sâu. Nâng cao hiệu quả bằng máy bay phun thuốc không người lái."
Cây bơ,Bọ xít muỗi và các loài chích hút đọt non,Bọ xít muỗi và các loài chích hút khác. Sinh sôi mạnh vào đầu mùa mưa và các giai đoạn cây phát triển chồi non.,"Chích hút nhựa trên chồi non. Vị trí bị chích hút thường chuyển sang thâm đen, khô héo rồi chết hẳn. Làm cây giảm sức sinh trưởng, chồi non không phát triển, giảm năng suất do không hình thành được nụ hoa.","Sử dụng các loại thuốc trừ sâu có đặc tính thấm sâu, độc mạnh, tác dụng lâu để phun phòng trừ 1-2 tháng/lần. Nâng cao hiệu quả bằng máy bay phun thuốc không người lái."
Cây bơ,Bọ cánh cứng ăn lá,Bọ cánh cứng.,"Ăn trụi lá, đôi khi ăn cả chồi. Gây giảm sức sinh trưởng, suy kiệt do cây không có lá để quang hợp (đặc biệt cây 1-2 năm tuổi). Gây hại vào buổi tối, ban ngày ẩn nấp dưới đất hoặc vị trí kín đáo.","Sử dụng các loại thuốc trừ sâu có đặc tính thấm sâu, độc mạnh, tác dụng lâu để phun phòng trừ 1-2 tháng/lần. Nâng cao hiệu quả bằng máy bay phun thuốc không người lái."
Cây bơ,"Các loài rệp muội, rệp sáp","Rệp muội, rệp sáp. Gây hại vào mùa khô, ẩn nấp tại kẽ lá, cành, gốc rễ.","Chích hút nhựa cây làm bộ phận tương ứng cạn kiệt dinh dưỡng rồi chết. Rệp sáp còn tấn công rễ, khó tiêu diệt. Trường hợp nặng có thể làm cây chết do rễ ngừng phát triển hoặc bị nấm rễ tấn công qua vết chích hút.","Sử dụng các loại thuốc trừ sâu có đặc tính thấm sâu, độc mạnh, tác dụng lâu để phun phòng trừ 1-2 tháng/lần. Nâng cao hiệu quả bằng máy bay phun thuốc không người lái."
Cây bơ,Các loài côn trùng ăn rễ,"Dế, ấu trùng bọ cánh cứng hoặc ấu trùng ve sầu. Sống trong đất, làm tổ gần gốc bơ.","Ăn phần rễ non hoặc cắn đứt rễ. Làm cây không nhận được chất dinh dưỡng, còi cọc, phát triển chậm. Có thể làm cây suy kiệt rồi chết hẳn, nhất là cây con mới trồng.","Dùng thuốc trừ sâu dạng bột, bới đất quanh gốc, rải thuốc rồi lấp lại. Dọn sạch lá cây, cỏ dại quanh gốc để hạn chế nơi ẩn nấp. Nâng cao hiệu quả bằng máy bay phun thuốc không người lái."
Cây bơ,"Ruồi vàng, ruồi giấm","Ruồi vàng, ruồi giấm.","Gây hại trên quả. Chích hút nhựa từ quả non, tạo nốt sần hoặc mảng sần sùi, làm giảm giá trị thương phẩm. Với quả già, đẻ ấu trùng vào bên trong, gây thối quả, rụng sớm, giảm năng suất.","Sử dụng các loại thuốc trừ sâu có đặc tính thấm sâu, độc mạnh, tác dụng lâu để phun phòng trừ 1-2 tháng/lần. Nâng cao hiệu quả bằng máy bay phun thuốc không người lái."
Cây bơ,Bệnh thối rễ,"Nấm Phytophthora. Gây hại mạnh ở những vùng đất ẩm ướt quanh năm, thoát nước kém, bón phân không cân đối.","Nấm tấn công làm bộ rễ bị hỏng, thối rễ. Cây sẽ chết nếu không có biện pháp xử lý, nhất là cây nhỏ từ 1-2 năm tuổi.","Không được nêu cụ thể trong bài viết, nhưng có thể áp dụng các biện pháp phòng trừ chung và sử dụng máy bay phun thuốc không người lái để nâng cao hiệu quả phòng trừ tổng thể."
Cây bơ,"Bệnh đốm lá đốm quả (đốm mắt cua, đốm mắt ếch)",Không được nêu cụ thể (là một loại bệnh).,"Trên lá: vết bệnh nhỏ tương đồng, bắt đầu từ mép lá, lan rộng và liên kết thành mảng, làm lá khô héo, rụng nhiều. Trên quả: nốt nhỏ khoảng 5mm, màu nâu nhạt sau đậm dần, vết bệnh liên kết thành mảng, làm vỏ sần sùi, phần thịt quả bên trong xuất hiện lõi cứng. Nhẹ thì giảm giá trị, nặng gây thối trái, rụng trái.","Không được nêu cụ thể trong bài viết, nhưng có thể áp dụng các biện pháp phòng trừ chung và sử dụng máy bay phun thuốc không người lái để nâng cao hiệu quả phòng trừ tổng thể."
Cây bơ,Bệnh khô cành,Không được nêu cụ thể (là một loại bệnh).,"Thường xuất hiện trên các cành non (vỏ còn xanh chưa hóa gỗ). Trên quả, tấn công phần cuống, phần quả tiếp giáp hoặc hay bị cọ sát. Cành khô héo, chết dần do không lấy được dưỡng chất. Quả dễ rụng, thối cuống, giảm năng suất.","Không được nêu cụ thể trong bài viết, nhưng có thể áp dụng các biện pháp phòng trừ chung và sử dụng máy bay phun thuốc không người lái để nâng cao hiệu quả phòng trừ tổng thể."
Cây bơ,Bệnh héo rũ,Không được nêu cụ thể (là một loại bệnh).,"Một phần thân, cành hoặc toàn bộ cây héo rũ đột ngột. Lá héo và khô ngay trên cây mà không kịp rụng. Bóc lớp vỏ thường thấy mạch gỗ chuyển thành màu nâu. Cây trưởng thành có khả năng phục hồi (sau 1-2 tháng) nhưng năng suất, sức sinh trưởng giảm. Cây nhỏ dưới 5 năm tuổi thường chết đứng.","Không được nêu cụ thể trong bài viết, nhưng có thể áp dụng các biện pháp phòng trừ chung và sử dụng máy bay phun thuốc không người lái để nâng cao hiệu quả phòng trừ tổng thể."
Cây bơ,Bệnh thối thân xì mủ,"Nấm Phytophthora. Hay xuất hiện đầu mùa mưa, trong các vườn rậm rạp, thiếu ánh sáng.","Biểu hiện bệnh xuất hiện ngay trên thân cây, nhất là phần gốc rễ. Xuất hiện nhiều nấm trắng, mủ xì chảy dài trên thân cây. Phần thân bị bệnh đậm màu, đôi khi chuyển sang màu đen. Cạo lớp vỏ thấy mạch gỗ bên trong chuyển sang màu nâu, hư hỏng nặng.","Không được nêu cụ thể trong bài viết, nhưng có thể áp dụng các biện pháp phòng trừ chung và sử dụng máy bay phun thuốc không người lái để nâng cao hiệu quả phòng trừ tổng thể."
Cây ổi,Rầy mềm,Rầy mềm hút nhựa,"Xuất hiện ở đọt non và mặt dưới của lá. Chúng hút nhựa khiến đọt và cuống lá bị xoăn, quắn. Trường hợp bệnh nặng sẽ tạo điều kiện cho nấm bồ hóng phát triển.","Phun Bassa 50ND, Trebon 10EC, Applaud 10WP, Sevin 85WP nồng độ 0,1 - 0,2%."
Cây ổi,"Rệp (rệp dính, rệp sáp, rệp phấn trắng)",Rệp hút nhựa,"Rệp tập trung trên thân và gân chính của lá để hút nhựa. Lá sẽ bị héo khô, chuyển sang màu vàng và rụng. Bệnh này còn làm suy giảm chất lượng và kích thước của trái.","Phun Bi 58 40 EC, Suppracide 40 ND, Confidor 100 SL, Admire 50 EC nồng độ 0,1 - 0,2%, kết hợp với chất dính ST nồng độ 0,1%."
Cây ổi,Ruồi đục trái,"Ruồi đẻ trứng bên trong trái, trứng nở thành giòi, ăn thịt trái.",Giòi ăn thịt trái và làm thối trái. Thường xuất hiện nhiều hơn vào mùa mưa.,"Cài đặt bẫy để tiêu diệt ruồi. Sau khi thu hoạch trái thì nhặt sạch các trái rụng, sau đó vệ sinh vườn trồng sạch sẽ."
Cây ổi,Sâu đục trái,"Sâu non gây bệnh trên lá, ăn vào trái non, đặc biệt là chỗ đài hoa.","Làm giảm tỷ lệ đậu trái, nếu đậu trái thì trái non cũng không phát triển được mà sẽ bị rụng dần.","Phun thuốc Cymbus 5 EC, Karate 2,5 EC, Decis 2,5 EC, Fenbis 2,5 EC, Baythroid 5 SL nồng độ 0,1 - 0,2%. Đồng thời, dùng bao nilon để bọc các trái."
Cây ổi,Bọ xít hại trái,"Bọ xít có màu vàng hơi nâu, chích hút chồi và trái non.","Chồi non bị khô rụng và trái non không phát triển. Nếu có phát triển thì chất lượng cũng không cao, không thu hoạch được.","Phun thuốc Cymbus 5 EC, Karate 2,5 EC, Decis 2,5 EC, Fenbis 2,5 EC, Baythroid 5 SL nồng độ 0,1 - 0,2%. Đồng thời, dùng bao nilon để bọc các trái."
Cây ổi,Sâu đục cành,Sâu non màu hồng đục trực tiếp các cành mọc thẳng đứng và làm nhộng bên trong cành.,Tại chỗ sâu đục có phân sâu ị đùn và mạt gỗ rơi ra. Nếu không được điều trị thì cành sẽ khô và chết.,Tiêm thuốc trừ sâu hoặc nhét thuốc viên trực tiếp vào chỗ có vết sâu đục.
Cây ổi,Ghẻ,Không được nêu rõ trong bài viết.,"Xuất hiện trên nhiều bộ phận của cây như lá, hoa, trái non. Tại các bộ phận bị bệnh sẽ xuất hiện những đốm màu xám xanh, hình tròn, tơ màu đen hơi xanh ngoài viền. Sau vài ngày thì phần tơ biến mất, đốm bệnh nhô lên, sần sùi (đặc biệt là các vết ghẻ màu đen, nâu dày đặc trên vỏ quả).","Phun các thuốc CAROSAL 50SC, CANAZOLE SUPER 320EC, Azoxystrobin, Benomyl, Metalaxyl. Đồng thời, tỉa cành để tạo độ thông thoáng cho vườn trồng."
Cây ổi,Thán thư,Không được nêu rõ trong bài viết.,"Thường gặp nhất trên trái với dấu hiệu là những chấm nhỏ màu hồng trên trái non. Sau thời gian dài sẽ lan thành đốm to màu nâu đen trên trái chín. Trái nhỏ, khô và dễ bị rụng.","Phun Dithane M-45 (Mancozeb 80 WP, Pencozeb 80 WP, Manzate 80 WP), Bayfidan 25 EC, Antracol 70 WP, Ridomil 72 WP nồng độ 0,1 - 0,2%."
Cây ổi,Đốm lá,Nấm Cercospora psidii.,"Gây ra những đốm bệnh tròn, ở giữa màu nâu nhạt, xung quanh màu nâu đậm. Bệnh khiến lá không giữ được màu xanh vốn có mà hơi vàng nhạt, sau đó khô rụng.","Phun Copper-B 65 BHN, Mancozeb 80 WP, Score 250 EC nồng độ 0,1 - 0,2%. Cắt tỉa cành cây và thu gom, nhặt sạch các lá bị bệnh, rụng."
Cây ổi,Đốm mắt ếch,"Thường xảy ra trên những cây chăm sóc kém, bị thiếu nước.","Khá giống với bệnh đốm lá, tuy nhiên, chỗ đốm bệnh rất dễ bị thủng khiến lá bị rách. Lá bị nặng sẽ chuyển sang màu vàng và rụng dần.","Phun Copper-B 65 BHN, Mancozeb 80 WP, Score 250 EC nồng độ 0,1 - 0,2%. Cắt tỉa cành cây và thu gom, nhặt sạch các lá bị bệnh, rụng."
Vải,Bệnh sương mai trên quả,"Bùng phát mạnh mẽ vào tháng 6 khi tiết trời oi ả, nóng bức. Đặc biệt, giai đoạn quả chín và thu hoạch, nếu trời mưa nhiều, sáng sớm nhiều sương, nhiệt độ thấp (25 - 27 độ C) thì tỷ lệ nhiễm bệnh rất cao.","Những đốm màu nâu dạng thấm nước xuất hiện trên vỏ. Sau vài ngày thì đốm bệnh này sẽ xâm nhập vào phần thịt quả, khiến thịt quả bị lõm xuống và thối nhũn.",Dùng 25ml Elicitor 250 + 50ml siêu đồng pha với 20 lít nước rồi phun tưới cho cây.
Vải,Bệnh mất màu trên quả,Nghiêm trọng nhất trong điều kiện thời tiết nóng và ẩm.,"Vỏ quả xuất hiện những đốm đen, đốm nâu. Trường hợp bệnh nặng thì những đốm đen và nâu này sẽ ăn sâu vào phần thịt quả, làm giảm giá trị thương phẩm.",Dùng 25ml Elicitor 250 + 50ml siêu đồng pha với 20 lít nước rồi phun tưới cho cây.
Vải,Bệnh nứt quả vải,"Đây là bệnh sinh lý, không phải do sâu, nấm hay vi khuẩn gây ra. Bệnh phát sinh từ khi cùi quả bao kín hạt cho đến thời điểm thu hoạch. Nguyên nhân là do cùi quả phát triển quá nhanh so với sự phát triển của vỏ quả, khiến vỏ không chịu được 'áp lực' và bị nứt. Tình trạng sẽ càng nghiêm trọng nếu người trồng bón phân muộn và quá nhiều, hoặc tưới đẫy nước cho cây sau một đợt nắng nóng hoặc mưa kéo dài.",Vỏ quả bị nứt.,"Không bón phân quá nhiều và quá muộn. Điều hòa việc tưới nước, chỉ nên tưới đủ để duy trì độ ẩm cho cây, không tưới đẫy nước."
Vải,Bệnh ký sinh (Địa y bám trên cành cây),"Thường xảy ra ở những cây già cỗi, cành rậm rạp, nơi có địa y bám vào thân, cành.","Địa y bám trên thân, cành cây. Chúng hút chất dinh dưỡng khiến các bộ phận này bị còi cọc, cằn cỗi, khô héo, làm suy giảm sức đề kháng, khả năng sinh trưởng và phát triển của cây.","Thường xuyên cắt tỉa tán cây để đảm bảo sự thông thoáng cho vườn trồng. Khi cây có dấu hiệu ký sinh thì dùng dao sạch cạo hết những vết ký sinh này đi, sau đó phun Boocđô nồng độ 1% để phòng trừ."
Vải,Bệnh sém mép lá,"Do nấm gây ra, phát sinh vào đầu mùa mưa và nặng nề vào các tháng 2, 3, 4.","Ở phần đầu và mép lá xuất hiện những vết thương tổn. Sau vài ngày, vết bệnh này sẽ chuyển sang vàng và khô.","Phun Elicitor 250 + siêu đồng để phòng trừ. Đồng thời, cắt bỏ những cành lá bị bệnh để phòng tránh sự lây lan sang cả vườn trồng."
Cây mít,Bệnh thối nhũn,"Các chủng nấm Rhizoctonia solani, Sclerotium, Pythium gây ra trong điều kiện độ ẩm cao, vườn rậm rạp.","Ở phần thân gốc xuất hiện nhiều hạch nấm với kích thước to nhỏ khác nhau, dày đặc trên bề mặt. Gốc cây sẽ bị teo dần. Lá có đoạn xanh tươi, nhưng có đoạn lại bị rục nhũn như luộc trong nước nóng.","Tạo vườn trồng thông thoáng, cắt tỉa thường xuyên nếu tán cây dày.
Trồng cây mít ở khu vực cao ráo, khả năng thoát nước tốt, không để nước ứ đọng, ngập úng.
Thường xuyên dọn dẹp, làm sạch cỏ dại.
Tăng cường các biện pháp sinh học như dùng thuốc diệt nấm.
Chủ động phun thuốc phòng trừ sâu bệnh, đặc biệt vào mùa cao điểm.
Trang bị thiết bị, máy móc hỗ trợ như máy bay phun thuốc không người lái để tăng hiệu quả.
Thăm nom, chăm sóc vườn trồng thường xuyên và xử lý nhanh khi phát hiện dấu hiệu bệnh."
Cây mít,Bệnh thối gốc chảy nhựa,"Do nấm Phytophthora gây hại, thường xuất hiện ở những vườn trồng có mật độ quá dày, tán lá um tùm.","Xuất hiện nhiều vết loét ở gốc cây. Từ vết loét có dịch chảy ra, khi sờ vào chỗ vết bệnh cảm thấy ẩm ướt, dính tay. Lá sẽ bắt đầu chuyển sang màu vàng, rụng dần. Tình trạng nặng có thể khiến cây chết.","Tạo vườn trồng thông thoáng, cắt tỉa thường xuyên nếu tán cây dày.
Trồng cây mít ở khu vực cao ráo, khả năng thoát nước tốt, không để nước ứ đọng, ngập úng.
Thường xuyên dọn dẹp, làm sạch cỏ dại.
Tăng cường các biện pháp sinh học như dùng thuốc diệt nấm.
Chủ động phun thuốc phòng trừ sâu bệnh, đặc biệt vào mùa cao điểm.
Trang bị thiết bị, máy móc hỗ trợ như máy bay phun thuốc không người lái để tăng hiệu quả.
Thăm nom, chăm sóc vườn trồng thường xuyên và xử lý nhanh khi phát hiện dấu hiệu bệnh."
Cây mít,"Sâu đục thân, sâu đục cành","Sâu Margronia đẻ trứng lên lá non, trái non rồi từ từ đục vào thân và cành cây mít.","Trên lá non và trái non sẽ có những ổ trứng. Những bộ phận bị sâu đục sẽ có vết loang lổ màu nâu đậm, rất dễ nhìn thấy bằng mắt thường.","Tạo vườn trồng thông thoáng, cắt tỉa thường xuyên nếu tán cây dày.
Trồng cây mít ở khu vực cao ráo, khả năng thoát nước tốt, không để nước ứ đọng, ngập úng.
Thường xuyên dọn dẹp, làm sạch cỏ dại.
Bảo vệ các loài thiên địch để tiêu diệt sâu bọ (như thằn lằn, cá đuôi cờ, cóc, sáo).
Tăng cường các biện pháp sinh học như dùng hóa chất diệt sâu bọ.
Chủ động phun thuốc phòng trừ sâu bệnh, đặc biệt vào mùa cao điểm.
Trang bị thiết bị, máy móc hỗ trợ như máy bay phun thuốc không người lái để tăng hiệu quả.
Thăm nom, chăm sóc vườn trồng thường xuyên và xử lý nhanh khi phát hiện dấu hiệu bệnh."
Cây mít,Ruồi và sâu đục trái/quả mít,Ruồi (loài Dacus sp) đẻ trứng vào trái già; Sâu đục quả gây hại ở phần tiếp giáp giữa các trái với nhau hoặc giữa trái với thân cây.,"Tại vị trí tiếp giáp giữa những trái mít hoặc giữa trái mít với phần thân cây xuất hiện những vết đục to nhỏ khác nhau do ruồi và sâu gây ra, dẫn đến thối trái.","Tạo vườn trồng thông thoáng, cắt tỉa thường xuyên nếu tán cây dày.
Trồng cây mít ở khu vực cao ráo, khả năng thoát nước tốt, không để nước ứ đọng, ngập úng.
Thường xuyên dọn dẹp, làm sạch cỏ dại.
Bảo vệ các loài thiên địch để tiêu diệt ruồi, sâu đục trái mít (như thằn lằn, cá đuôi cờ, cóc, sáo).
Tăng cường các biện pháp sinh học như dùng hóa chất diệt sâu bọ.
Chủ động phun thuốc phòng trừ sâu bệnh, đặc biệt vào mùa cao điểm.
Trang bị thiết bị, máy móc hỗ trợ như máy bay phun thuốc không người lái để tăng hiệu quả.
Thăm nom, chăm sóc vườn trồng thường xuyên và xử lý nhanh khi phát hiện dấu hiệu bệnh."
Cây mít,"Bệnh do rầy, rệp","Rầy, rệp gây hại trên nhiều bộ phận, đặc biệt là lá.","Hút nhựa lá non, đọt non khiến lá và đọt bị quăn queo. Kết hợp với bồ hóng tấn công sẽ làm lá bị mất khả năng quang hợp, dẫn đến cây yếu dần và chết. Khiến cây còi cọc, chậm lớn, ra quả ít, quả kém chất lượng.","Tạo vườn trồng thông thoáng, cắt tỉa thường xuyên nếu tán cây dày.
Trồng cây mít ở khu vực cao ráo, khả năng thoát nước tốt, không để nước ứ đọng, ngập úng.
Thường xuyên dọn dẹp, làm sạch cỏ dại.
Bảo vệ các loài thiên địch để tiêu diệt rầy, rệp (như thằn lằn, cá đuôi cờ, cóc, sáo).
Tăng cường các biện pháp sinh học như dùng hóa chất diệt rầy rệp.
Chủ động phun thuốc phòng trừ sâu bệnh, đặc biệt vào mùa cao điểm.
Trang bị thiết bị, máy móc hỗ trợ như máy bay phun thuốc không người lái để tăng hiệu quả.
Thăm nom, chăm sóc vườn trồng thường xuyên và xử lý nhanh khi phát hiện dấu hiệu bệnh."
Chôm chôm,Đốm rong,"Thường gặp tại những nhà vườn có điều kiện canh tác kém, nhiều cỏ dại, thường xuyên bị côn trùng và nhện tấn công, gây hại.","Mới khởi phát là những chấm nhỏ màu xanh, sau lớn dần có hình tròn hoặc bầu dục, có lớp tơ mịn như nhung màu xanh rêu. Khi bệnh nặng sẽ lan lên các nhánh trên, có thể lây sang cả quả nếu phun nhiều phân bón lá.","Thường xuyên tỉa cành, tạo tán để vườn cây thông thoáng. Sử dụng Elicitor kết hợp cùng đồng sunfat để phun ướt đẫm thân, cành và lá."
Chôm chôm,Bồ hóng,"Liên quan đến sự tiết mật của các loại côn trùng như rệp sáp, rệp bông, rầy mềm (được suy ra từ cách điều trị).","Khởi phát ở lá và trái, thể hiện qua những đốm với sợi nấm màu đen trông như một lớp bồ hóng bám vào mặt lá. Vỏ quả bị mất màu tại vị trí vết bệnh, nếu nặng vỏ quả xù xì, kém thẩm mỹ, giảm giá trị thương phẩm.","Thường xuyên cắt tỉa sau thu hoạch để vườn cây thông thoáng. Bón phân cân đối, tưới nước đều đặn vào mùa nắng để giảm tiết mật. Phun thuốc gốc đồng cùng thuốc trừ sâu, rệp sáp, rệp bông, rầy mềm."
Chôm chôm,Thối trái,Thường gặp ở những quả chôm chôm sắp chín hoặc đã già.,"Xuất hiện những đốm nâu đen, lớn dần và ăn sâu vào thịt trái. Sau một thời gian, quả bị thối nhũn và xuất hiện mùi chua khó chịu.","Thường xuyên cắt tỉa, loại bỏ trái đã bị nhiễm bệnh để thông thoáng. Trước khi thu hoạch 1 tháng, phun phòng bệnh bằng nấm đối kháng Chaetomium, đồng sunfat cùng Aminoacid."
Chôm chôm,Cháy lá,Có thể liên quan đến mất cân đối dinh dưỡng (thiếu kali) hoặc chưa được đề cập rõ ràng trong bài viết.,"Xuất hiện ở phần lá đã trưởng thành. Phần đầu chóp lá bị cháy khô, có màu nâu hoặc nâu xám. Có đường viền màu nâu đỏ ở giữa vùng bệnh và vùng khỏe.","Bón phân cân đối, tập trung nhiều vào kali hoặc bổ sung thêm phân hữu cơ hoai mục. Phun nấm đối kháng Chaetomium kết hợp cùng Trichoderma thường xuyên để phòng bệnh."
Chôm chôm,Phấn trắng,Không được đề cập rõ ràng trong bài viết (thường là do nấm gây ra).,"Có thể xuất hiện trên hoa, trái non và lá non. Trên hoa: bị bao phủ bởi lớp nấm màu trắng xám. Trên trái non: có lớp phấn màu trắng xám phủ quanh. Trên lá non: có lớp nấm màu trắng xám bao phủ trên bề mặt, cả hai mặt lá.","Sau thu hoạch cần cắt tỉa cành già cỗi, cành mang mầm bệnh, trái khô đen để vườn thông thoáng. Để phòng bệnh, phun nấm đối kháng Chaetomium và Trichoderma vào đầu mùa mưa, lúc cây ra hoa và sau thu hoạch."
Thanh long,Thối đầu cành,"Do nấm Alternaria sp gây ra, phát sinh vào đầu mùa mưa.","Cành phía trên trụ - đặc biệt là những cành khuất gió, nằm ở phía Tây - chuyển sang màu vàng, mềm và thối nhũn. Cây phát triển chậm, thậm chí là không thể phát triển. Nếu không được điều trị kịp thời sẽ mất khả năng cho trái.","Phòng trừ tổng hợp theo hướng dẫn chung của bài viết (cắt tỉa, tưới nước, làm cỏ, thăm vườn, phun thuốc phòng trừ định kỳ, sử dụng máy bay nông nghiệp để phun thuốc hiệu quả hơn)."
Thanh long,Đốm nâu,"Do nấm Gloeosporium agaves gây hại trong điều kiện độ ẩm cao, nhiều sương mù.","Thân và quả thanh long xuất hiện nhiều vết sần sùi, thối khô từng mảng. Điều này khiến chất lượng quả bị ảnh hưởng nghiêm trọng, không chỉ mất giá mà thậm chí còn không bán được.","Phòng trừ tổng hợp theo hướng dẫn chung của bài viết (cắt tỉa, tưới nước, làm cỏ, thăm vườn, phun thuốc phòng trừ định kỳ, sử dụng máy bay nông nghiệp để phun thuốc hiệu quả hơn)."
Thanh long,Đốm trắng,"Do nấm Neoscytalidium dimidiatum gây ra, đặc biệt nghiêm trọng vào mùa mưa, nhiệt độ từ 30 - 35 độ C và độ ẩm cao.","Bẹ non, nụ hoa, trái non là những bộ phận dễ bị bệnh đốm trắng. Dấu hiệu ban đầu của bệnh là đốm nhỏ màu trắng, hơi lõm. Về sau, chuyển thành vết loét màu nâu, hơi lồi.","Phòng trừ tổng hợp theo hướng dẫn chung của bài viết (cắt tỉa, tưới nước, làm cỏ, thăm vườn, phun thuốc phòng trừ định kỳ, sử dụng máy bay nông nghiệp để phun thuốc hiệu quả hơn)."
Thanh long,Thán thư,"Do nấm Colletotrichum gloeosporioides gây hại, thường gặp ở thời điểm cây ra cành non, thời tiết ẩm ướt, mưa nhiều.","Có thể xuất hiện trên cành, hoa và quả. Trên cành: thân thối mềm, vết thối bắt đầu từ ngọn, gai rồi ăn dần vào phần thịt và lõi cành. Trên hoa: xuất hiện những chấm màu đen li ti, sau chuyển sang quầng màu vàng, khiến hoa bị khô và rụng, giảm tỷ lệ đậu trái. Trên trái: có những đốm nhỏ màu vàng, sau chuyển sang nâu đen, thiệt hại nặng nề về chất lượng và số lượng trái.","Phòng trừ tổng hợp theo hướng dẫn chung của bài viết (cắt tỉa, tưới nước, làm cỏ, thăm vườn, phun thuốc phòng trừ định kỳ, sử dụng máy bay nông nghiệp để phun thuốc hiệu quả hơn)."
Thanh long,Nám cành,"Do nấm Macssonina agaves Syd và Sphaceloma sp tấn công. Thời tiết thất thường, nắng nhiều là điều kiện thuận lợi phát sinh bệnh.","Xuất hiện những vết cháy nắng trên cành. Về sau, vết cháy nắng này có màng mỏng màu xám tro và hơi nhám. Lúc này, nấm mốc gây bệnh đã phát triển mạnh, khiến cành thanh long bị khô thối nặng nề.","Phòng trừ tổng hợp theo hướng dẫn chung của bài viết (cắt tỉa, tưới nước, làm cỏ, thăm vườn, phun thuốc phòng trừ định kỳ, sử dụng máy bay nông nghiệp để phun thuốc hiệu quả hơn)."
Thanh long,Nấm bồ hóng,"Do nấm Capnodium sp gây hại, chủ yếu xuất hiện vào mùa nắng nóng, nhiệt độ cao.","Quả thanh long sẽ bị mất màu ngay tại vị trí xuất hiện vết bệnh. Nếu nhiễm bệnh nặng thì vỏ quả không được nhẵn bóng mà trở nên xù xì, vừa mất thẩm mỹ, vừa giảm giá trị thương phẩm.","Phòng trừ tổng hợp theo hướng dẫn chung của bài viết (cắt tỉa, tưới nước, làm cỏ, thăm vườn, phun thuốc phòng trừ định kỳ, sử dụng máy bay nông nghiệp để phun thuốc hiệu quả hơn)."
Cà phê,Bệnh gỉ sắt,Bào tử của nấm gỉ sắt.,"Xuất hiện ở mặt dưới lá với chấm nhỏ màu vàng nhạt (giọt dầu), sau đó giữa vết bệnh xuất hiện lớp bột màu vàng cam (bào tử nấm). Vết bệnh chuyển sang màu trắng từ trung tâm, cuối cùng tạo thành vết cháy màu nâu đen. Các vết cháy có thể liên kết, cháy toàn bộ lá. Nặng có thể rụng hết lá, khô cành, năng suất kém rồi chết. Thường xuất hiện khi mùa mưa bắt đầu.","Không nêu cụ thể loại thuốc. Áp dụng các biện pháp phòng trừ chung: thường xuyên quan sát, vệ sinh vườn (dọn cỏ rác, tỉa cành), tưới nước đầy đủ vào mùa khô, bón phân và sử dụng thuốc bảo vệ thực vật (có thể dùng máy bay nông nghiệp để phun thuốc hiệu quả hơn)."
Cà phê,Bệnh nấm,Nấm.,"Ban đầu là những chấm nhỏ màu trắng như bụi phấn trên quả hoặc cành, sau đó lớp phấn chuyển sang màu hồng. Nấm xuất hiện ở mặt dưới cành và cuống quả, làm cành chết khô, quả héo và rụng non. Gây hại cục bộ từng cây, làm chết từng cành, nặng hơn có thể chết cả cây. Thích hợp điều kiện độ ẩm cao, nhiều ánh sáng, thường ở tầng giữa và tầng trên của cây.","Không nêu cụ thể loại thuốc. Áp dụng các biện pháp phòng trừ chung: thường xuyên quan sát, vệ sinh vườn (dọn cỏ rác, tỉa cành), tưới nước đầy đủ vào mùa khô, bón phân và sử dụng thuốc bảo vệ thực vật (có thể dùng máy bay nông nghiệp để phun thuốc hiệu quả hơn)."
Cà phê,"Bệnh khô cành, khô quả",Không được nêu rõ trong bài viết.,"Gây hại trên quả, cành, lá. Nặng trên cà phê chè, cà phê vối, làm xuất hiện triệu chứng thối đen đầu quả, rồi bị rụng non. Biểu hiện đầu tiên là vết nhỏ màu vàng hay nâu trên quả, cành, lá. Sau đó, vết bệnh lan rộng, có màu nâu sẫm và lõm sâu. Dần dần, vết bệnh lan khắp vỏ quả, cành lá khiến các bộ phận này bị đen, khô và rụng.","Không nêu cụ thể. Áp dụng các biện pháp phòng trừ chung: thường xuyên quan sát, vệ sinh vườn (dọn cỏ rác, tỉa cành), tưới nước đầy đủ vào mùa khô, bón phân và sử dụng thuốc bảo vệ thực vật (có thể dùng máy bay nông nghiệp để phun thuốc hiệu quả hơn)."
Cà phê,Bệnh lở cổ rễ,"Thường phát sinh ở vườn ươm có độ ẩm cao, ít thoáng, đất trong bầu dí chặt. Trên đồng ruộng, phát sinh trong mùa mưa, ở những nơi ẩm, đất ít được xới xáo. Bệnh lây lan qua việc làm cỏ, cuốc xới, hoặc từ cây con đã bị bệnh trong vườn ươm.","Gây hại cây con trong vườn ươm hoặc cây 1-2 tuổi. Phần thân tiếp giáp với mặt đất (cổ rễ) bị thối đen và teo lại. Nếu trên cây trong thời kỳ kiến thiết, gây ra triệu chứng vàng lá, sinh trưởng chậm, một phần cổ rễ bị khuyết dần.","Không nêu cụ thể. Áp dụng các biện pháp phòng trừ chung: thường xuyên quan sát, vệ sinh vườn (dọn cỏ rác, tỉa cành), tưới nước đầy đủ vào mùa khô, bón phân và sử dụng thuốc bảo vệ thực vật (có thể dùng máy bay nông nghiệp để phun thuốc hiệu quả hơn)."
Cà phê,Bệnh héo rũ,Do nấm gây ra. Lây truyền qua vết thương trên thân hoặc cành trong quá trình thực hành nông học.,"Ảnh hưởng đầu tiên đến mạch dưới vỏ cây và ngăn chặn sự vận chuyển nước và các chất dinh dưỡng. Từ đó, dẫn đến làm khô lá, cành và thân.","Không nêu cụ thể loại thuốc. Áp dụng các biện pháp phòng trừ chung: thường xuyên quan sát, vệ sinh vườn (dọn cỏ rác, tỉa cành), tưới nước đầy đủ vào mùa khô, bón phân và sử dụng thuốc bảo vệ thực vật (có thể dùng máy bay nông nghiệp để phun thuốc hiệu quả hơn)."
Cà phê,Bệnh vàng lá thối rễ,"Độ ẩm quá cao, quá khô hoặc thừa, thiếu dinh dưỡng. Thời điểm tháng 7 mùa mưa là khoảng thời gian bệnh phát tác phổ biến nhất.",Lá bị vàng và rễ bị thối.,"Không nêu cụ thể. Áp dụng các biện pháp phòng trừ chung: thường xuyên quan sát, vệ sinh vườn (dọn cỏ rác, tỉa cành), tưới nước đầy đủ vào mùa khô, bón phân và sử dụng thuốc bảo vệ thực vật (có thể dùng máy bay nông nghiệp để phun thuốc hiệu quả hơn)."
Sầu riêng,Nứt thân xì mủ,Nấm Phytophthora,"Thân và gốc cây xuất hiện những vết nứt ngắn/dài, nông/sâu khác nhau. Từ những vết nứt này có nhựa, mủ chảy ra. Cây còi cọc, kém phát triển, thậm chí là chết nếu không điều trị kịp thời.","Quét thuốc lên những vị trí bị bệnh. Kết hợp các biện pháp phòng trừ chung: tỉa cành, bón phân cân đối, phun thuốc phòng trừ định kỳ."
Sầu riêng,Thán thư,"Không nêu cụ thể, thường xảy ra với những vườn chăm sóc kém.","Bắt đầu vào mùa khô. Các dấu hiệu chung của cây bị bệnh như lá có màu sắc khác lạ, xuất hiện đốm bất thường, ra hoa ít, đậu trái kém.","Không nêu cụ thể. Thực hiện các biện pháp phòng trừ chung: không trồng quá dày, tỉa cành, bón phân cân đối, phun thuốc phòng trừ định kỳ, thăm vườn thường xuyên."
Sầu riêng,Cháy lá,Nấm Rhizoctonia solani,"Gây thiệt hại nặng nề cho những vườn ươm cây sầu riêng. Các dấu hiệu chung của cây bị bệnh như lá có màu sắc khác lạ, xuất hiện đốm bất thường, ra hoa ít, đậu trái kém.","Không nêu cụ thể. Thực hiện các biện pháp phòng trừ chung: không trồng quá dày, tỉa cành, bón phân cân đối, phun thuốc phòng trừ định kỳ, thăm vườn thường xuyên."
Sầu riêng,Đốm rong đỏ,Không nêu cụ thể.,"Làm giảm khả năng quang hợp khiến cây sầu riêng sinh trưởng kém. Các dấu hiệu chung của cây bị bệnh như lá có màu sắc khác lạ, xuất hiện đốm bất thường, ra hoa ít, đậu trái kém.","Không nêu cụ thể. Thực hiện các biện pháp phòng trừ chung: không trồng quá dày, tỉa cành, bón phân cân đối, phun thuốc phòng trừ định kỳ, thăm vườn thường xuyên."
Sầu riêng,Nấm hồng,"Không nêu cụ thể, xuất hiện và lây lan nhanh trong điều kiện thời tiết mưa nhiều, độ ẩm kéo dài.","Các dấu hiệu chung của cây bị bệnh như lá có màu sắc khác lạ, xuất hiện đốm bất thường, ra hoa ít, đậu trái kém.","Không nêu cụ thể. Thực hiện các biện pháp phòng trừ chung: không trồng quá dày, tỉa cành, bón phân cân đối, phun thuốc phòng trừ định kỳ, thăm vườn thường xuyên."
Cây bưởi,Bệnh loét,Không được đề cập cụ thể trong bài viết.,"Lá xuất hiện nhiều vết màu nâu, hình tròn lốm đốm hoặc dày đặc. Trên bề mặt của vết bệnh trông sần sùi như bệnh ghẻ lở, thường có màu vàng hoặc nâu. Nếu cành có nhiều vết loét sẽ bị khô và chết, quả có thể bị rụng.","Phun Boocdo 1% (15 gr sunphat đồng với 20 gr vôi tôi hoặc 20 lít nước), hoặc Kocide 53.8 DF."
Cây bưởi,Bệnh sẹo,Không được đề cập cụ thể trong bài viết.,"Lá và quả có nhiều nốt nổi gồ ghề, thường có màu nâu. Các vết bệnh sẹo nếu tạo thành mảng lớn sẽ khiến lá bị biến dạng, nhăn nheo, cây sinh trưởng kém và trở nên cằn cỗi.","Phun định kỳ các loại thuốc như Kocide53.8 DF, Kasuran 0,2%, Mancozeb 0,2%. Cần thường xuyên cắt bỏ, tiêu hủy những bộ phận của cây đã bị nhiễm bệnh."
Cây bưởi,Bệnh chảy gôm,Không được đề cập cụ thể trong bài viết.,"Bệnh phát sinh từ phần gốc, được tính từ mặt đất xuống cổ rễ và phần rễ từ 20 – 30 cm. Trong giai đoạn đầu, vỏ cây thường sẽ bị nứt và chảy nhựa (chảy gôm). Khi bóc lớp vỏ này ra, phần gỗ bên trong sẽ có màu xám với các mạch sợi đen hoặc nâu chạy dọc theo thớ gỗ.","Nếu cây bị bệnh nhẹ: dùng Aliette 800 WP nồng độ 0,3% phun lên toàn bộ cây. Trong trường hợp cây xuất hiện vết hại cục bộ ở phần thân gốc: tiến hành cạo sạch rồi dùng Aliette 800 WP 0,5% quét lên vết bệnh."
